id,apellido,nombre,distrito,bloque,inicio,fin,fuente
SUPL_AMENTA,AMENTA,MARCELO EDUARDO,BUENOS AIRES,RECREAR,2005-12-10,2009-12-09,"Wikipedia, Anexo:Diputados nacionales de Argentina (2007-2009), snapshot 28-oct-2007"
SUPL_AZCOITI,AZCOITI,PEDRO JOSÉ,BUENOS AIRES,UCR,2005-12-10,2009-12-09,"Wikipedia, Anexo:Diputados nacionales de Argentina (2007-2009), snapshot 28-oct-2007"
SUPL_BARAGIOLA,BARAGIOLA,VILMA ROSANA,BUENOS AIRES,UCR,2005-12-10,2009-12-09,"Wikipedia, Anexo:Diputados nacionales de Argentina (2007-2009), snapshot 28-oct-2007"
SUPL_BASTEIRO,BASTEIRO,ARIEL,BUENOS AIRES,ENCUENTRO POPULAR Y SOCIAL,2005-12-10,2009-12-09,"Wikipedia, Anexo:Diputados nacionales de Argentina (2007-2009), snapshot 28-oct-2007"
HCDN1097,BERNAZZA,CLAUDIA ALICIA,BUENOS AIRES,FRENTE PARA LA VICTORIA - PJ,2005-12-10,2009-12-09,"Wikipedia, Anexo:Diputados nacionales de Argentina (2007-2009), snapshot 28-oct-2007"
SUPL_BIANCHI_SILVESTRE,BIANCHI SILVESTRE,MARCELA ALEJANDRA,BUENOS AIRES,FRENTE PARA LA VICTORIA - PJ,2005-12-10,2009-12-09,"Wikipedia, Anexo:Diputados nacionales de Argentina (2007-2009), snapshot 28-oct-2007"
HCDN1070,BIDEGAIN,GLORIA,BUENOS AIRES,FRENTE PARA LA VICTORIA - PJ,2005-12-10,2009-12-09,"Wikipedia, Anexo:Diputados nacionales de Argentina (2007-2009), snapshot 28-oct-2007"
SUPL_BURZACO,BURZACO,EUGENIO,BUENOS AIRES,PRO,2005-12-10,2009-12-09,"Wikipedia, Anexo:Diputados nacionales de Argentina (2007-2009), snapshot 28-oct-2007"
SUPL_CAMANO,CAMAÑO,DANTE ALBERTO,BUENOS AIRES,NACIONAL SINDICAL - PJ,2005-12-10,2009-12-09,"Wikipedia, Anexo:Diputados nacionales de Argentina (2007-2009), snapshot 28-oct-2007"
HCDN0864,CARLOTTO,REMO GERARDO,BUENOS AIRES,FRENTE PARA LA VICTORIA - PJ,2005-12-10,2009-12-09,"Wikipedia, Anexo:Diputados nacionales de Argentina (2007-2009), snapshot 28-oct-2007"
SUPL_CESAR,CÉSAR,NORA NOEMI,BUENOS AIRES,FRENTE PARA LA VICTORIA - PJ,2005-12-10,2009-12-09,"Wikipedia, Anexo:Diputados nacionales de Argentina (2007-2009), snapshot 28-oct-2007"
HCDN0594,CIGOGNA,LUIS FRANCISCO JORGE,BUENOS AIRES,FRENTE PARA LA VICTORIA - PJ,2005-12-10,2009-12-09,"Wikipedia, Anexo:Diputados nacionales de Argentina (2007-2009), snapshot 28-oct-2007"
HCDN0181,CONTI,DIANA,BUENOS AIRES,FRENTE PARA LA VICTORIA - PJ,2005-12-10,2009-12-09,"Wikipedia, Anexo:Diputados nacionales de Argentina (2007-2009), snapshot 28-oct-2007"
HCDN0872,DE NARVÁEZ,FRANCISCO,BUENOS AIRES,UNIÓN CELESTE Y BLANCO - PJ,2005-12-10,2009-12-09,"Wikipedia, Anexo:Diputados nacionales de Argentina (2007-2009), snapshot 28-oct-2007"
HCDN0875,DEPETRI,EDGARDO FERNANDO,BUENOS AIRES,FRENTE PARA LA VICTORIA - PJ,2005-12-10,2009-12-09,"Wikipedia, Anexo:Diputados nacionales de Argentina (2007-2009), snapshot 28-oct-2007"
HCDN0876,DI TULLIO,JULIANA,BUENOS AIRES,FRENTE PARA LA VICTORIA - PJ,2005-12-10,2009-12-09,"Wikipedia, Anexo:Diputados nacionales de Argentina (2007-2009), snapshot 28-oct-2007"
SUPL_DOVENA,DOVENA,MIGUEL DANTE,BUENOS AIRES,FRENTE PARA LA VICTORIA - PJ,2005-12-10,2009-12-09,"Wikipedia, Anexo:Diputados nacionales de Argentina (2007-2009), snapshot 28-oct-2007"
SUPL_FERNANDEZ,FERNÁNDEZ,MARCELO OMAR,BUENOS AIRES,FRENTE PARA LA VICTORIA - PJ,2005-12-10,2009-12-09,"Wikipedia, Anexo:Diputados nacionales de Argentina (2007-2009), snapshot 28-oct-2007"
SUPL_FERRO,FERRO,FRANCISCO JOSÉ,BUENOS AIRES,COALICIÓN CÍVICA - ARI - GEN - UPT,2005-12-10,2009-12-09,"Wikipedia, Anexo:Diputados nacionales de Argentina (2007-2009), snapshot 28-oct-2007"
HCDN1074,FLORES,"HÉCTOR ""TOTY""",BUENOS AIRES,COALICIÓN CÍVICA - ARI - GEN - UPT,2005-12-10,2009-12-09,"Wikipedia, Anexo:Diputados nacionales de Argentina (2007-2009), snapshot 28-oct-2007"
HCDN0885,GARCÍA,MARÍA TERESA,BUENOS AIRES,FRENTE PARA LA VICTORIA - PJ,2005-12-10,2009-12-09,"Wikipedia, Anexo:Diputados nacionales de Argentina (2007-2009), snapshot 28-oct-2007"
SUPL_ILARREGUI,ILARREGUI,LUIS ALFREDO,BUENOS AIRES,FRENTE PARA LA VICTORIA - PJ,2005-12-10,2009-12-09,"Wikipedia, Anexo:Diputados nacionales de Argentina (2007-2009), snapshot 28-oct-2007"
HCDN0896,KUNKEL,CARLOS MIGUEL,BUENOS AIRES,FRENTE PARA LA VICTORIA - PJ,2005-12-10,2009-12-09,"Wikipedia, Anexo:Diputados nacionales de Argentina (2007-2009), snapshot 28-oct-2007"
HCDN1096,LEDESMA,JULIO RUBÉN,BUENOS AIRES,CORRIENTE PERONISTA FEDERAL - PJ,2005-12-10,2009-12-09,"Wikipedia, Anexo:Diputados nacionales de Argentina (2007-2009), snapshot 28-oct-2007"
SUPL_LLANOS,LLANOS,EDITH OLGA,BUENOS AIRES,FRENTE PARA LA VICTORIA - PJ,2005-12-10,2009-12-09,"Wikipedia, Anexo:Diputados nacionales de Argentina (2007-2009), snapshot 28-oct-2007"
HCDN0905,MORENO,CARLOS JULIO,BUENOS AIRES,FRENTE PARA LA VICTORIA - PJ,2005-12-10,2009-12-09,"Wikipedia, Anexo:Diputados nacionales de Argentina (2007-2009), snapshot 28-oct-2007"
HCDN0019,MÜLLER,MABEL HILDA,BUENOS AIRES,FRENTE PARA LA VICTORIA - PJ,2005-12-10,2009-12-09,"Wikipedia, Anexo:Diputados nacionales de Argentina (2007-2009), snapshot 28-oct-2007"
SUPL_NAIM,NAIM,LIDIA LUCÍA,BUENOS AIRES,SOLIDARIDAD E IGUALDAD,2005-12-10,2009-12-09,"Wikipedia, Anexo:Diputados nacionales de Argentina (2007-2009), snapshot 28-oct-2007"
SUPL_PEREZ,PÉREZ,JOSÉ ADRIÁN,BUENOS AIRES,COALICIÓN CÍVICA - ARI - GEN - UPT,2005-12-10,2009-12-09,"Wikipedia, Anexo:Diputados nacionales de Argentina (2007-2009), snapshot 28-oct-2007"
SUPL_PORTO,PORTO,HÉCTOR NORBERTO,BUENOS AIRES,FRENTE PARA LA VICTORIA - PJ,2005-12-10,2009-12-09,"Wikipedia, Anexo:Diputados nacionales de Argentina (2007-2009), snapshot 28-oct-2007"
HCDN0132,RAIMUNDI,CARLOS ALBERTO,BUENOS AIRES,SOLIDARIDAD E IGUALDAD,2005-12-10,2009-12-09,"Wikipedia, Anexo:Diputados nacionales de Argentina (2007-2009), snapshot 28-oct-2007"
HCDN0910,RECALDE,HÉCTOR PEDRO,BUENOS AIRES,FRENTE PARA LA VICTORIA - PJ,2005-12-10,2009-12-09,"Wikipedia, Anexo:Diputados nacionales de Argentina (2007-2009), snapshot 28-oct-2007"
SUPL_RICO,RICO,MARÍA DEL CARMEN CECILIA,BUENOS AIRES,FRENTE PARA LA VICTORIA - PJ,2005-12-10,2009-12-09,"Wikipedia, Anexo:Diputados nacionales de Argentina (2007-2009), snapshot 28-oct-2007"
HCDN0642,RODRÍGUEZ,MARCELA VIRGINIA,BUENOS AIRES,COALICIÓN CÍVICA - ARI - GEN - UPT,2005-12-10,2009-12-09,"Wikipedia, Anexo:Diputados nacionales de Argentina (2007-2009), snapshot 28-oct-2007"
HCDN0917,SARGHINI,JORGE EMILIO,BUENOS AIRES,UNIÓN PERONISTA - PJ,2005-12-10,2009-12-09,"Wikipedia, Anexo:Diputados nacionales de Argentina (2007-2009), snapshot 28-oct-2007"
HCDN1085,SATRAGNO,LIDIA PINKY ELSA,BUENOS AIRES,PRO,2005-12-10,2009-12-09,"Wikipedia, Anexo:Diputados nacionales de Argentina (2007-2009), snapshot 28-oct-2007"
SUPL_SPATOLA,SPATOLA,PAOLA ROSANA,BUENOS AIRES,GUARDIA PERONISTA - PJ,2005-12-10,2009-12-09,"Wikipedia, Anexo:Diputados nacionales de Argentina (2007-2009), snapshot 28-oct-2007"
SUPL_TOMAZ,TOMAZ,ADRIANA ELISA,BUENOS AIRES,UNIDAD FEDERALISTA (PAUFE),2005-12-10,2009-12-09,"Wikipedia, Anexo:Diputados nacionales de Argentina (2007-2009), snapshot 28-oct-2007"
SUPL_VAZQUEZ_DE_TABERNISE,VÁZQUEZ DE TABERNISE,SILVIA BEATRIZ,BUENOS AIRES,DE LA CONCERTACIÓN - FORJA,2005-12-10,2009-12-09,"Wikipedia, Anexo:Diputados nacionales de Argentina (2007-2009), snapshot 28-oct-2007"
SUPL_VILLAVERDE,VILLAVERDE,JORGE ANTONIO,BUENOS AIRES,PERONISTA FEDERAL - PJ,2005-12-10,2009-12-09,"Wikipedia, Anexo:Diputados nacionales de Argentina (2007-2009), snapshot 28-oct-2007"
HCDN0930,WEST,MARIANO FEDERICO,BUENOS AIRES,FRENTE PARA LA VICTORIA - PJ,2005-12-10,2009-12-09,"Wikipedia, Anexo:Diputados nacionales de Argentina (2007-2009), snapshot 28-oct-2007"
HCDN0853,BERTOL,PAULA MARÍA,CIUDAD DE BUENOS AIRES,PRO,2005-12-10,2009-12-09,"Wikipedia, Anexo:Diputados nacionales de Argentina (2007-2009), snapshot 28-oct-2007"
SUPL_BISUTTI,BISUTTI,DELIA BEATRIZ,CIUDAD DE BUENOS AIRES,SOLIDARIDAD E IGUALDAD,2005-12-10,2009-12-09,"Wikipedia, Anexo:Diputados nacionales de Argentina (2007-2009), snapshot 28-oct-2007"
HCDN0860,BULLRICH,ESTEBAN JOSÉ,CIUDAD DE BUENOS AIRES,PRO,2005-12-10,2009-12-09,"Wikipedia, Anexo:Diputados nacionales de Argentina (2007-2009), snapshot 28-oct-2007"
SUPL_COSCIA,COSCIA,JORGE EDMUNDO,CIUDAD DE BUENOS AIRES,FRENTE PARA LA VICTORIA - PJ,2005-12-10,2009-12-09,"Wikipedia, Anexo:Diputados nacionales de Argentina (2007-2009), snapshot 28-oct-2007"
SUPL_GALVALISI,GALVALISI,LUIS ALBERTO,CIUDAD DE BUENOS AIRES,PRO,2005-12-10,2009-12-09,"Wikipedia, Anexo:Diputados nacionales de Argentina (2007-2009), snapshot 28-oct-2007"
SUPL_GARCIA_MENDEZ,GARCÍA MÉNDEZ,EMILIO ARTURO,CIUDAD DE BUENOS AIRES,SOLIDARIDAD E IGUALDAD,2005-12-10,2009-12-09,"Wikipedia, Anexo:Diputados nacionales de Argentina (2007-2009), snapshot 28-oct-2007"
SUPL_GINZBURG,GINZBURG,NORA RAQUEL,CIUDAD DE BUENOS AIRES,FRENTE POR LOS DERECHOS CIUDADANOS,2005-12-10,2009-12-09,"Wikipedia, Anexo:Diputados nacionales de Argentina (2007-2009), snapshot 28-oct-2007"
SUPL_GONZALEZ,GONZÁLEZ,MARÍA AMÉRICA,CIUDAD DE BUENOS AIRES,SOLIDARIDAD E IGUALDAD,2005-12-10,2009-12-09,"Wikipedia, Anexo:Diputados nacionales de Argentina (2007-2009), snapshot 28-oct-2007"
HCDN1031,IGLESIAS,FERNANDO,CIUDAD DE BUENOS AIRES,COALICIÓN CÍVICA - ARI - GEN - UPT,2005-12-10,2009-12-09,"Wikipedia, Anexo:Diputados nacionales de Argentina (2007-2009), snapshot 28-oct-2007"
SUPL_LENZ,LENZ,MARÍA BEATRIZ,CIUDAD DE BUENOS AIRES,FRENTE PARA LA VICTORIA - PJ,2005-12-10,2009-12-09,"Wikipedia, Anexo:Diputados nacionales de Argentina (2007-2009), snapshot 28-oct-2007"
SUPL_LORENZO_BOROCOTO,LORENZO BOROCOTÓ,EDUARDO,CIUDAD DE BUENOS AIRES,MOVIMIENTO INDEPENDIENTE,2005-12-10,2009-12-09,"Wikipedia, Anexo:Diputados nacionales de Argentina (2007-2009), snapshot 28-oct-2007"
SUPL_MORGADO,MORGADO,CLAUDIO MARCELO,CIUDAD DE BUENOS AIRES,DE LA CONCERTACIÓN - FORJA,2005-12-10,2009-12-09,"Wikipedia, Anexo:Diputados nacionales de Argentina (2007-2009), snapshot 28-oct-2007"
HCDN0960,OBIGLIO,JULIÁN MARTÍN,CIUDAD DE BUENOS AIRES,PRO,2005-12-10,2009-12-09,"Wikipedia, Anexo:Diputados nacionales de Argentina (2007-2009), snapshot 28-oct-2007"
HCDN0955,SÁNCHEZ,FERNANDO,CIUDAD DE BUENOS AIRES,COALICIÓN CÍVICA - ARI - GEN - UPT,2005-12-10,2009-12-09,"Wikipedia, Anexo:Diputados nacionales de Argentina (2007-2009), snapshot 28-oct-2007"
SUPL_BARRIONUEVO,BARRIONUEVO,JOSÉ LUIS,CATAMARCA,FRENTE PARA LA VICTORIA - PJ,2005-12-10,2009-12-09,"Wikipedia, Anexo:Diputados nacionales de Argentina (2007-2009), snapshot 28-oct-2007"
HCDN0867,COLLANTES,GENARO AURELIO,CATAMARCA,UCR,2005-12-10,2009-12-09,"Wikipedia, Anexo:Diputados nacionales de Argentina (2007-2009), snapshot 28-oct-2007"
SUPL_PASTORIZA,PASTORIZA,EDUARDO ANTONIO,CATAMARCA,POR LA VERDAD,2005-12-10,2009-12-09,"Wikipedia, Anexo:Diputados nacionales de Argentina (2007-2009), snapshot 28-oct-2007"
SUPL_BAYONZO,BAYONZO,LILIANA AMELIA,CHACO,UCR,2005-12-10,2009-12-09,"Wikipedia, Anexo:Diputados nacionales de Argentina (2007-2009), snapshot 28-oct-2007"
SUPL_BEVERAGGI,BEVERAGGI,MARGARITA BEATRIZ,CHACO,UCR,2005-12-10,2009-12-09,"Wikipedia, Anexo:Diputados nacionales de Argentina (2007-2009), snapshot 28-oct-2007"
SUPL_FABRIS,FABRIS,LUCIANO RAFAEL,CHACO,UCR,2005-12-10,2009-12-09,"Wikipedia, Anexo:Diputados nacionales de Argentina (2007-2009), snapshot 28-oct-2007"
HCDN1007,MORANTE,ANTONIO ARANALDO MARÍA,CHACO,FRENTE PARA LA VICTORIA - PJ,2005-12-10,2009-12-09,"Wikipedia, Anexo:Diputados nacionales de Argentina (2007-2009), snapshot 28-oct-2007"
HCDN0921,SOTO,GLADYS BEATRIZ,CHACO,FRENTE PARA LA VICTORIA - PJ,2005-12-10,2009-12-09,"Wikipedia, Anexo:Diputados nacionales de Argentina (2007-2009), snapshot 28-oct-2007"
SUPL_GARCIA_DE_MORENO,GARCÍA DE MORENO,EVA,CHUBUT,FRENTE PARA LA VICTORIA - PJ,2005-12-10,2009-12-09,"Wikipedia, Anexo:Diputados nacionales de Argentina (2007-2009), snapshot 28-oct-2007"
HCDN0954,GONZÁLEZ,NANCY SUSANA,CHUBUT,FRENTE PARA LA VICTORIA - PJ,2005-12-10,2009-12-09,"Wikipedia, Anexo:Diputados nacionales de Argentina (2007-2009), snapshot 28-oct-2007"
HCDN0845,AGUAD,OSCAR RAÚL,CORDOBA,UCR,2005-12-10,2009-12-09,"Wikipedia, Anexo:Diputados nacionales de Argentina (2007-2009), snapshot 28-oct-2007"
SUPL_ARDID,ARDID,MARIO ROLANDO,CORDOBA,"PARTIDO NUEVO CONTRA LA CORRUPCIÓN, POR LA HONESTIDAD Y LA TRANSPARENCIA",2005-12-10,2009-12-09,"Wikipedia, Anexo:Diputados nacionales de Argentina (2007-2009), snapshot 28-oct-2007"
SUPL_CANTERO_GUTIERREZ,CANTERO GUTIÉRREZ,ALBERTO,CORDOBA,FRENTE PARA LA VICTORIA - PJ,2005-12-10,2009-12-09,"Wikipedia, Anexo:Diputados nacionales de Argentina (2007-2009), snapshot 28-oct-2007"
SUPL_DELICH,DELICH,FRANCISCO JOSÉ,CORDOBA,"PARTIDO NUEVO CONTRA LA CORRUPCIÓN, POR LA HONESTIDAD Y LA TRANSPARENCIA",2005-12-10,2009-12-09,"Wikipedia, Anexo:Diputados nacionales de Argentina (2007-2009), snapshot 28-oct-2007"
SUPL_HALAK,HALAK,BEATRIZ SUSANA,CORDOBA,UNIÓN PERONISTA - PJ,2005-12-10,2009-12-09,"Wikipedia, Anexo:Diputados nacionales de Argentina (2007-2009), snapshot 28-oct-2007"
SUPL_HEREDIA,HEREDIA,ARTURO MIGUEL,CORDOBA,FRENTE PARA LA VICTORIA - PJ,2005-12-10,2009-12-09,"Wikipedia, Anexo:Diputados nacionales de Argentina (2007-2009), snapshot 28-oct-2007"
SUPL_MORANDINI,MORANDINI,NORMA ELENA,CORDOBA,MEMORIA Y DEMOCRACIA,2005-12-10,2009-12-09,"Wikipedia, Anexo:Diputados nacionales de Argentina (2007-2009), snapshot 28-oct-2007"
SUPL_SESMA,SESMA,LAURA JUDITH,CORDOBA,PARTIDO SOCIALISTA,2005-12-10,2009-12-09,"Wikipedia, Anexo:Diputados nacionales de Argentina (2007-2009), snapshot 28-oct-2007"
SUPL_VACA_NARVAJA,VACA NARVAJA,PATRICIA,CORDOBA,FRENTE PARA LA VICTORIA - PJ,2005-12-10,2009-12-09,"Wikipedia, Anexo:Diputados nacionales de Argentina (2007-2009), snapshot 28-oct-2007"
SUPL_CARMONA,CARMONA,MARÍA ARACELI,CORRIENTES,FRENTE PARA LA VICTORIA - PJ,2005-12-10,2009-12-09,"Wikipedia, Anexo:Diputados nacionales de Argentina (2007-2009), snapshot 28-oct-2007"
SUPL_GALANTINI,GALANTINI,EDUARDO LEONEL,CORRIENTES,FRENTE PARA LA VICTORIA - PJ,2005-12-10,2009-12-09,"Wikipedia, Anexo:Diputados nacionales de Argentina (2007-2009), snapshot 28-oct-2007"
SUPL_ROLDAN,ROLDÁN,JOSÉ MARÍA,CORRIENTES,FRENTE DE TODOS (CORRIENTES 2005),2005-12-10,2009-12-09,"Wikipedia, Anexo:Diputados nacionales de Argentina (2007-2009), snapshot 28-oct-2007"
SUPL_CALZA,CALZA,NELIO HIGINIO,ENTRE RIOS,FRENTE PARA LA VICTORIA - PJ,2005-12-10,2009-12-09,"Wikipedia, Anexo:Diputados nacionales de Argentina (2007-2009), snapshot 28-oct-2007"
SUPL_MARTINEZ_GARBINO,MARTÍNEZ GARBINO,EMILIO RAÚL,ENTRE RIOS,CONCERTACIÓN ENTRERRIANA,2005-12-10,2009-12-09,"Wikipedia, Anexo:Diputados nacionales de Argentina (2007-2009), snapshot 28-oct-2007"
SUPL_PETIT,PETIT,MARÍA DE LOS ÁNGELES,ENTRE RIOS,FRENTE PARA LA VICTORIA - PJ,2005-12-10,2009-12-09,"Wikipedia, Anexo:Diputados nacionales de Argentina (2007-2009), snapshot 28-oct-2007"
SUPL_SOLANAS,SOLANAS,RAÚL PATRICIO,ENTRE RIOS,FRENTE PARA LA VICTORIA - PJ,2005-12-10,2009-12-09,"Wikipedia, Anexo:Diputados nacionales de Argentina (2007-2009), snapshot 28-oct-2007"
SUPL_VARISCO,VARISCO,SERGIO,ENTRE RIOS,UCR,2005-12-10,2009-12-09,"Wikipedia, Anexo:Diputados nacionales de Argentina (2007-2009), snapshot 28-oct-2007"
HCDN0877,DÍAZ ROIG,JUAN CARLOS,FORMOSA,FRENTE PARA LA VICTORIA - PJ,2005-12-10,2009-12-09,"Wikipedia, Anexo:Diputados nacionales de Argentina (2007-2009), snapshot 28-oct-2007"
SUPL_ROMAN,ROMÁN,CARMEN,FORMOSA,FRENTE PARA LA VICTORIA - PJ,2005-12-10,2009-12-09,"Wikipedia, Anexo:Diputados nacionales de Argentina (2007-2009), snapshot 28-oct-2007"
SUPL_GUERCIA,GUERCIA,BEATRIZ ELVIRA,JUJUY,UCR,2005-12-10,2009-12-09,"Wikipedia, Anexo:Diputados nacionales de Argentina (2007-2009), snapshot 28-oct-2007"
HCDN0903,MOISÉS,MARÍA CAROLINA,JUJUY,FRENTE PARA LA VICTORIA - PJ,2005-12-10,2009-12-09,"Wikipedia, Anexo:Diputados nacionales de Argentina (2007-2009), snapshot 28-oct-2007"
SUPL_SNOPEK,SNOPEK,CARLOS DANIEL,JUJUY,FRENTE PARA LA VICTORIA - PJ,2005-12-10,2009-12-09,"Wikipedia, Anexo:Diputados nacionales de Argentina (2007-2009), snapshot 28-oct-2007"
SUPL_BALADRON,BALADRÓN,MANUEL JUSTO,LA PAMPA,FRENTE PARA LA VICTORIA - PJ,2005-12-10,2009-12-09,"Wikipedia, Anexo:Diputados nacionales de Argentina (2007-2009), snapshot 28-oct-2007"
HCDN0895,KRONEBERGER,DANIEL RICARDO,LA PAMPA,UCR,2005-12-10,2009-12-09,"Wikipedia, Anexo:Diputados nacionales de Argentina (2007-2009), snapshot 28-oct-2007"
SUPL_OSORIO,OSORIO,MARTA LUCÍA,LA PAMPA,FRENTE PARA LA VICTORIA - PJ,2005-12-10,2009-12-09,"Wikipedia, Anexo:Diputados nacionales de Argentina (2007-2009), snapshot 28-oct-2007"
SUPL_AGUIRRE_DE_SORIA,AGUIRRE DE SORIA,HILDA CLELIA,LA RIOJA,FRENTE PARA LA VICTORIA - PJ,2005-12-10,2009-12-09,"Wikipedia, Anexo:Diputados nacionales de Argentina (2007-2009), snapshot 28-oct-2007"
HCDN0612,HERRERA,GRISELDA NOEMÍ,LA RIOJA,FRENTE PARA LA VICTORIA - PJ,2005-12-10,2009-12-09,"Wikipedia, Anexo:Diputados nacionales de Argentina (2007-2009), snapshot 28-oct-2007"
SUPL_SANTANDER,SANTANDER,MARIO ARMANDO,LA RIOJA,FRENTE PARA LA VICTORIA - PJ,2005-12-10,2009-12-09,"Wikipedia, Anexo:Diputados nacionales de Argentina (2007-2009), snapshot 28-oct-2007"
HCDN1101,ALBARRACÍN,JORGE LUIS,MENDOZA,CONSENSO FEDERAL,2005-12-10,2009-12-09,"Wikipedia, Anexo:Diputados nacionales de Argentina (2007-2009), snapshot 28-oct-2007"
HCDN0871,DE MARCHI,OMAR BRUNO,MENDOZA,DEMÓCRATA MENDOZA,2005-12-10,2009-12-09,"Wikipedia, Anexo:Diputados nacionales de Argentina (2007-2009), snapshot 28-oct-2007"
SUPL_GENEM,GENEM,AMANDA SUSANA,MENDOZA,FRENTE PARA LA VICTORIA - PJ,2005-12-10,2009-12-09,"Wikipedia, Anexo:Diputados nacionales de Argentina (2007-2009), snapshot 28-oct-2007"
SUPL_LEMOS,LEMOS,SILVIA BEATRIZ,MENDOZA,UCR,2005-12-10,2009-12-09,"Wikipedia, Anexo:Diputados nacionales de Argentina (2007-2009), snapshot 28-oct-2007"
HCDN0924,THOMAS,ENRIQUE LUIS,MENDOZA,UNIÓN PERONISTA - PJ,2005-12-10,2009-12-09,"Wikipedia, Anexo:Diputados nacionales de Argentina (2007-2009), snapshot 28-oct-2007"
SUPL_BIANCO,BIANCO,LÍA FABIOLA,MISIONES,FRENTE PARA LA VICTORIA - PJ,2005-12-10,2009-12-09,"Wikipedia, Anexo:Diputados nacionales de Argentina (2007-2009), snapshot 28-oct-2007"
SUPL_ITURRIETA,ITURRIETA,MIGUEL ÁNGEL,MISIONES,FRENTE PARA LA VICTORIA - PJ,2005-12-10,2009-12-09,"Wikipedia, Anexo:Diputados nacionales de Argentina (2007-2009), snapshot 28-oct-2007"
SUPL_KAKUBUR,KAKUBUR,EMILIO,MISIONES,DIGNIDAD PERONISTA - PJ,2005-12-10,2009-12-09,"Wikipedia, Anexo:Diputados nacionales de Argentina (2007-2009), snapshot 28-oct-2007"
SUPL_ACUNA,ACUÑA,HUGO RODOLFO,NEUQUEN,MOVIMIENTO POPULAR NEUQUINO,2005-12-10,2009-12-09,"Wikipedia, Anexo:Diputados nacionales de Argentina (2007-2009), snapshot 28-oct-2007"
HCDN0858,BRILLO,JOSÉ RICARDO,NEUQUEN,MOVIMIENTO POPULAR NEUQUINO,2005-12-10,2009-12-09,"Wikipedia, Anexo:Diputados nacionales de Argentina (2007-2009), snapshot 28-oct-2007"
SUPL_MASSEI,MASSEI,OSCAR ERMELINDO,NEUQUEN,FRENTE PARA LA VICTORIA - PJ,2005-12-10,2009-12-09,"Wikipedia, Anexo:Diputados nacionales de Argentina (2007-2009), snapshot 28-oct-2007"
SUPL_ARRIAGA,ARRIAGA,JULIO ESTEBAN,RIO NEGRO,UNIÓN PERONISTA - PJ,2005-12-10,2009-12-09,"Wikipedia, Anexo:Diputados nacionales de Argentina (2007-2009), snapshot 28-oct-2007"
SUPL_CUEVAS,CUEVAS,HUGO OSCAR,RIO NEGRO,DE LA CONCERTACIÓN,2005-12-10,2009-12-09,"Wikipedia, Anexo:Diputados nacionales de Argentina (2007-2009), snapshot 28-oct-2007"
HCDN0862,CANELA,SUSANA MERCEDES,SALTA,FRENTE PARA LA VICTORIA - PJ,2005-12-10,2009-12-09,"Wikipedia, Anexo:Diputados nacionales de Argentina (2007-2009), snapshot 28-oct-2007"
SUPL_DIEZ,DIEZ,MARÍA INÉS,SALTA,PARTIDO RENOVADOR DE SALTA,2005-12-10,2009-12-09,"Wikipedia, Anexo:Diputados nacionales de Argentina (2007-2009), snapshot 28-oct-2007"
SUPL_SALUM,SALUM,OSVALDO RUBÉN,SALTA,FRENTE PARA LA VICTORIA - PJ,2005-12-10,2009-12-09,"Wikipedia, Anexo:Diputados nacionales de Argentina (2007-2009), snapshot 28-oct-2007"
HCDN0879,FERRÁ DE BARTOL,MARGARITA,SAN JUAN,FRENTE PARA LA VICTORIA - PJ,2005-12-10,2009-12-09,"Wikipedia, Anexo:Diputados nacionales de Argentina (2007-2009), snapshot 28-oct-2007"
SUPL_LOPEZ,LÓPEZ,ERNESTO SEGUNDO,SAN JUAN,FRENTE PARA LA VICTORIA - PJ,2005-12-10,2009-12-09,"Wikipedia, Anexo:Diputados nacionales de Argentina (2007-2009), snapshot 28-oct-2007"
SUPL_MARINO,MARINO,ADRIANA DEL CARMEN,SAN JUAN,FRENTE PRODUCCIÓN Y TRABAJO,2005-12-10,2009-12-09,"Wikipedia, Anexo:Diputados nacionales de Argentina (2007-2009), snapshot 28-oct-2007"
HCDN0513,LUSQUIÑOS,LUIS BERNARDO,SAN LUIS,FREJULI - PJ,2005-12-10,2009-12-09,"Wikipedia, Anexo:Diputados nacionales de Argentina (2007-2009), snapshot 28-oct-2007"
HCDN0818,POGGI,CLAUDIO JAVIER,SAN LUIS,FREJULI - PJ,2005-12-10,2009-12-09,"Wikipedia, Anexo:Diputados nacionales de Argentina (2007-2009), snapshot 28-oct-2007"
SUPL_TORRONTEGUI,TORRONTEGUI,MARÍA ANGÉLICA,SAN LUIS,FREJULI - PJ,2005-12-10,2009-12-09,"Wikipedia, Anexo:Diputados nacionales de Argentina (2007-2009), snapshot 28-oct-2007"
SUPL_ACUNA_KUNZ,ACUÑA KUNZ,JUAN ERWIN BOLÍVAR,SANTA CRUZ,UCR,2005-12-10,2009-12-09,"Wikipedia, Anexo:Diputados nacionales de Argentina (2007-2009), snapshot 28-oct-2007"
SUPL_CORDOBA,CÓRDOBA,JOSÉ MANUEL,SANTA CRUZ,FRENTE PARA LA VICTORIA - PJ,2005-12-10,2009-12-09,"Wikipedia, Anexo:Diputados nacionales de Argentina (2007-2009), snapshot 28-oct-2007"
SUPL_GUTIERREZ,GUTIÉRREZ,GRACIELA BEATRIZ,SANTA CRUZ,FRENTE PARA LA VICTORIA - PJ,2005-12-10,2009-12-09,"Wikipedia, Anexo:Diputados nacionales de Argentina (2007-2009), snapshot 28-oct-2007"
SUPL_AUGSBURGER,AUGSBURGER,SILVIA,SANTA FE,PARTIDO SOCIALISTA,2005-12-10,2009-12-09,"Wikipedia, Anexo:Diputados nacionales de Argentina (2007-2009), snapshot 28-oct-2007"
SUPL_BERRAUTE,BERRAUTE,ANA,SANTA FE,FRENTE PARA LA VICTORIA - PJ,2005-12-10,2009-12-09,"Wikipedia, Anexo:Diputados nacionales de Argentina (2007-2009), snapshot 28-oct-2007"
SUPL_DALLA_FONTANA,DALLA FONTANA,ARIEL RAÚL ARMANDO,SANTA FE,SANTA FE FEDERAL,2005-12-10,2009-12-09,"Wikipedia, Anexo:Diputados nacionales de Argentina (2007-2009), snapshot 28-oct-2007"
SUPL_GEREZ,GEREZ,ELDA RAMONA,SANTA FE,PARTIDO SOCIALISTA,2005-12-10,2009-12-09,"Wikipedia, Anexo:Diputados nacionales de Argentina (2007-2009), snapshot 28-oct-2007"
SUPL_MARTIN,MARTIN,MARÍA ELENA,SANTA FE,PARTIDO SOCIALISTA,2005-12-10,2009-12-09,"Wikipedia, Anexo:Diputados nacionales de Argentina (2007-2009), snapshot 28-oct-2007"
SUPL_MORINI,MORINI,PEDRO JUAN,SANTA FE,UCR,2005-12-10,2009-12-09,"Wikipedia, Anexo:Diputados nacionales de Argentina (2007-2009), snapshot 28-oct-2007"
HCDN0912,ROSSI,AGUSTÍN OSCAR,SANTA FE,FRENTE PARA LA VICTORIA - PJ,2005-12-10,2009-12-09,"Wikipedia, Anexo:Diputados nacionales de Argentina (2007-2009), snapshot 28-oct-2007"
SUPL_SYLVESTRE_BEGNIS,SYLVESTRE BEGNIS,JUAN HÉCTOR,SANTA FE,FRENTE PARA LA VICTORIA - PJ,2005-12-10,2009-12-09,"Wikipedia, Anexo:Diputados nacionales de Argentina (2007-2009), snapshot 28-oct-2007"
SUPL_ZANCADA,ZANCADA,PABLO VENTURA,SANTA FE,PARTIDO SOCIALISTA,2005-12-10,2009-12-09,"Wikipedia, Anexo:Diputados nacionales de Argentina (2007-2009), snapshot 28-oct-2007"
HCDN0859,BRUÉ,DANIEL AGUSTÍN,SANTIAGO DEL ESTERO,FRENTE CÍVICO POR SANTIAGO,2005-12-10,2009-12-09,"Wikipedia, Anexo:Diputados nacionales de Argentina (2007-2009), snapshot 28-oct-2007"
HCDN0906,OLIVA,CRISTIAN RODOLFO,SANTIAGO DEL ESTERO,FRENTE CÍVICO POR SANTIAGO,2005-12-10,2009-12-09,"Wikipedia, Anexo:Diputados nacionales de Argentina (2007-2009), snapshot 28-oct-2007"
SUPL_VELARDE,VELARDE,MARTA SYLVIA,SANTIAGO DEL ESTERO,JUSTICIALISMO REPUBLICANO - PJ,2005-12-10,2009-12-09,"Wikipedia, Anexo:Diputados nacionales de Argentina (2007-2009), snapshot 28-oct-2007"
HCDN0581,BERTONE,ROSANA ANDREA,TIERRA DEL FUEGO,FRENTE PARA LA VICTORIA - PJ,2005-12-10,2009-12-09,"Wikipedia, Anexo:Diputados nacionales de Argentina (2007-2009), snapshot 28-oct-2007"
SUPL_GORBACZ,GORBACZ,LEONARDO ARIEL,TIERRA DEL FUEGO,PROYECTO PROGRESISTA,2005-12-10,2009-12-09,"Wikipedia, Anexo:Diputados nacionales de Argentina (2007-2009), snapshot 28-oct-2007"
HCDN0597,CÓRDOBA,STELLA MARIS,TUCUMAN,FRENTE PARA LA VICTORIA - PJ,2005-12-10,2009-12-09,"Wikipedia, Anexo:Diputados nacionales de Argentina (2007-2009), snapshot 28-oct-2007"
SUPL_HERRERA,HERRERA,ALBERTO,TUCUMAN,FRENTE PARA LA VICTORIA - PJ,2005-12-10,2009-12-09,"Wikipedia, Anexo:Diputados nacionales de Argentina (2007-2009), snapshot 28-oct-2007"
SUPL_ROJKES_DE_ALPEROVICH,ROJKÉS DE ALPEROVICH,BEATRIZ LILIANA,TUCUMAN,FRENTE PARA LA VICTORIA - PJ,2005-12-10,2009-12-09,"Wikipedia, Anexo:Diputados nacionales de Argentina (2007-2009), snapshot 28-oct-2007"
HCDN0915,SALIM,JUAN ARTURO,TUCUMAN,FRENTE PARA LA VICTORIA - PJ,2005-12-10,2009-12-09,"Wikipedia, Anexo:Diputados nacionales de Argentina (2007-2009), snapshot 28-oct-2007"
