proyecto_id,anio,tipo,dominio,marco,exp,ruta,chars
HCDN093102,2008,LEY,B,,0969-D-2008,html,35960
HCDN093479,2008,LEY,C,,1254-D-2008,ninguna,0
HCDN094656,2008,MENSAJE Y PROYECTO DE LEY,C,,0112-S-2008,ninguna,0
HCDN094027,2008,RESOLUCION,B,,1590-D-2008,html,8973
HCDN094366,2008,DECLARACION,C,,1828-D-2008,html,2986
HCDN094431,2008,RESOLUCION,C,,1891-D-2008,html,4206
HCDN094482,2008,DECLARACION,B,,1922-D-2008,html,9571
HCDN095325,2008,RESOLUCION,D,domestico,2453-D-2008,html,5051
HCDN096122,2008,RESOLUCION,C,,2993-D-2008,html,3641
HCDN096123,2008,RESOLUCION,D,domestico,3039-D-2008,html,3171
HCDN096387,2008,RESOLUCION,C,,3190-D-2008,html,3512
HCDN096591,2008,DECLARACION,B,,3414-D-2008,html,5674
HCDN096787,2008,RESOLUCION,C,,3531-D-2008,html,4569
HCDN097295,2008,LEY,C,,4009-D-2008,html,7044
HCDN097372,2008,RESOLUCION,D,domestico,4086-D-2008,html,2986
HCDN097678,2008,RESOLUCION,B,,4245-D-2008,html,8678
HCDN097850,2008,RESOLUCION,D,domestico,4339-D-2008,html,4820
HCDN097988,2008,RESOLUCION,C,,4451-D-2008,html,5840
HCDN098039,2008,DECLARACION,C,,4490-D-2008,html,4634
HCDN099495,2008,RESOLUCION,C,,5366-D-2008,html,5405
HCDN100142,2008,RESOLUCION,C,,5781-D-2008,html,3523
HCDN100298,2008,DECLARACION,D,domestico,5885-D-2008,html,5237
HCDN101002,2008,RESOLUCION,D,domestico,6475-D-2008,html,4787
HCDN101557,2008,LEY,C,,6819-D-2008,html,4903
HCDN102504,2009,RESOLUCION,D,domestico,6941-D-2008,html,6200
HCDN103082,2009,RESOLUCION,C,,0107-D-2009,html,4432
HCDN103693,2009,LEY,C,,0556-D-2009,html,5923
HCDN104495,2009,LEY,C,,1453-D-2009,html,6758
HCDN104677,2009,RESOLUCION,D,domestico,1601-D-2009,html,3507
HCDN105835,2009,DECLARACION,C,,2462-D-2009,html,5060
HCDN106321,2009,LEY,C,,2692-D-2009,html,4550
HCDN106379,2009,DECLARACION,C,,2719-D-2009,html,4894
HCDN107491,2009,LEY,D,domestico,3299-D-2009,html,22687
HCDN107687,2009,DECLARACION,C,,3489-D-2009,html,3903
HCDN107753,2009,LEY,C,,3574-D-2009,html,14564
HCDN107798,2009,RESOLUCION,C,,3607-D-2009,html,3327
HCDN108164,2009,LEY,C,,3835-D-2009,html,6140
HCDN109062,2009,DECLARACION,D,domestico,4608-D-2009,html,7270
HCDN109064,2009,LEY,C,,4634-D-2009,html,11036
HCDN110169,2009,RESOLUCION,C,,5402-D-2009,html,3626
HCDN110192,2009,RESOLUCION,C,,5444-D-2009,html,7963
HCDN110418,2009,RESOLUCION,D,domestico,5564-D-2009,html,6674
HCDN112085,2009,MENSAJE Y PROYECTO DE LEY,C,,0013-S-2010,ninguna,0
HCDN110810,2009,RESOLUCION,D,domestico,5845-D-2009,html,5343
HCDN111105,2009,RESOLUCION,D,domestico,6060-D-2009,html,6910
HCDN111200,2009,RESOLUCION,B,,6111-D-2009,html,5014
HCDN111486,2010,MENSAJE,C,,0026-JGM-2009,ninguna,0
HCDN112186,2010,RESOLUCION,C,,6227-D-2009,html,8864
HCDN112458,2010,RESOLUCION,B,,0126-D-2010,html,3041
HCDN112513,2010,RESOLUCION,C,,0236-D-2010,html,7006
HCDN114255,2010,DECLARACION,C,,1812-D-2010,html,5720
HCDN114567,2010,MENSAJE,C,,0007-JGM-2010,ninguna,0
HCDN114793,2010,RESOLUCION,D,domestico,2466-D-2010,html,4462
HCDN115114,2010,DECLARACION,C,,2551-D-2010,html,8773
HCDN115146,2010,RESOLUCION,C,,2622-D-2010,html,4995
HCDN115165,2010,RESOLUCION,C,,2657-D-2010,html,3197
HCDN115179,2010,LEY,B,,2609-D-2010,html,17936
HCDN115441,2010,RESOLUCION,D,domestico,2923-D-2010,html,7034
HCDN116240,2010,RESOLUCION,C,,3109-D-2010,html,5070
HCDN116114,2010,DECLARACION,A,,3453-D-2010,html,4985
HCDN116173,2010,RESOLUCION,D,domestico,3471-D-2010,html,4738
HCDN116344,2010,MENSAJE,C,,0012-JGM-2010,ninguna,0
HCDN116345,2010,MENSAJE,C,,0013-JGM-2010,ninguna,0
HCDN116482,2010,RESOLUCION,B,,3631-D-2010,html,2955
HCDN116609,2010,RESOLUCION,C,,3735-D-2010,html,3480
HCDN116670,2010,MENSAJE,C,,0014-JGM-2010,ninguna,0
HCDN116671,2010,MENSAJE,C,,0015-JGM-2010,ninguna,0
HCDN116794,2010,RESOLUCION,D,domestico,3960-D-2010,html,4218
HCDN116795,2010,RESOLUCION,D,domestico,3961-D-2010,html,4931
HCDN116799,2010,MENSAJE,C,,0016-JGM-2010,ninguna,0
HCDN117188,2010,MENSAJE,C,,0019-JGM-2010,ninguna,0
HCDN117183,2010,MENSAJE,C,,0020-JGM-2010,ninguna,0
HCDN117359,2010,RESOLUCION,C,,4380-D-2010,html,6333
HCDN117459,2010,MENSAJE,C,,0027-JGM-2010,ninguna,0
HCDN117694,2010,LEY,B,,4702-D-2010,html,22583
HCDN117708,2010,RESOLUCION,B,,4705-D-2010,html,6421
HCDN118171,2010,RESOLUCION,D,domestico,5098-D-2010,html,34090
HCDN118245,2010,DECLARACION,C,,5125-D-2010,html,4641
HCDN118478,2010,RESOLUCION,D,domestico,5410-D-2010,html,4446
HCDN118523,2010,LEY,C,,5453-D-2010,html,14192
HCDN118756,2010,RESOLUCION,C,,5662-D-2010,html,5535
HCDN119348,2010,DECLARACION,B,,6305-D-2010,html,6352
HCDN119870,2010,DECLARACION,C,,6797-D-2010,html,7393
HCDN120081,2010,LEY,B,,7059-D-2010,html,8264
HCDN120106,2010,LEY,C,,7116-D-2010,html,10202
HCDN120131,2010,LEY,C,,7120-D-2010,html,24444
HCDN120471,2010,LEY,B,,7529-D-2010,html,25528
HCDN120516,2010,DECLARACION,C,,7595-D-2010,html,15337
HCDN120625,2010,MENSAJE,C,,0048-JGM-2010,ninguna,0
HCDN121384,2010,RESOLUCION,D,domestico,8298-D-2010,html,5859
HCDN121849,2010,LEY,D,domestico,8404-D-2010,ninguna,0
HCDN123502,2011,RESOLUCION,D,domestico,8710-D-2010,html,4514
HCDN124596,2011,LEY,D,domestico,0113-D-2011,ninguna,0
HCDN124864,2011,LEY,C,,0253-D-2011,ninguna,0
HCDN124934,2011,DECLARACION,C,,0373-D-2011,html,5829
HCDN125023,2011,LEY,C,,0431-D-2011,html,13464
HCDN125490,2011,LEY,C,,0889-D-2011,html,5234
HCDN125516,2011,RESOLUCION,C,,0881-D-2011,html,14891
HCDN125597,2011,RESOLUCION,C,,0984-D-2011,html,4739
HCDN125861,2011,RESOLUCION,C,,1239-D-2011,html,3584
HCDN126030,2011,LEY,C,,1382-D-2011,ninguna,0
HCDN126680,2011,MENSAJE Y PROYECTO DE LEY,C,,0096-S-2011,ninguna,0
HCDN126498,2011,LEY,C,,1790-D-2011,html,14863
HCDN127202,2011,RESOLUCION,C,,1675-D-2011,ninguna,0
HCDN127347,2011,RESOLUCION,D,domestico,2327-D-2011,html,8272
HCDN127574,2011,DECLARACION,C,,2445-D-2011,html,5450
HCDN128205,2011,DECLARACION,B,,3027-D-2011,html,9188
HCDN128911,2011,DECLARACION,C,,3460-D-2011,html,6172
HCDN128990,2011,RESOLUCION,B,,3551-D-2011,html,9110
HCDN129472,2011,RESOLUCION,D,domestico,3752-D-2011,html,5069
HCDN129575,2011,RESOLUCION,C,,3759-D-2011,html,3551
HCDN129685,2011,LEY,C,,3804-D-2011,html,11724
HCDN131347,2011,LEY,C,,4740-D-2011,html,4833
HCDN131385,2011,RESOLUCION,C,,4768-D-2011,html,5262
HCDN131642,2011,RESOLUCION,C,,5101-D-2011,html,4004
HCDN131910,2011,MENSAJE Y PROYECTO DE LEY,C,,0165-S-2011,ninguna,0
HCDN132152,2011,LEY,D,domestico,5455-D-2011,html,3641
HCDN132153,2011,LEY,D,domestico,5456-D-2011,html,3701
HCDN132326,2011,MENSAJE Y PROYECTO DE LEY,C,,0006-S-2012,ninguna,0
HCDN132801,2011,MENSAJE Y PROYECTO DE LEY,C,,0016-S-2012,ninguna,0
HCDN134378,2012,MENSAJE Y PROYECTO DE LEY,C,,0022-S-2012,ninguna,0
HCDN133404,2012,RESOLUCION,B,,6370-D-2011,html,4994
HCDN134032,2012,DECLARACION,D,domestico,0379-D-2012,html,5926
HCDN134174,2012,LEY,B,,0567-D-2012,html,8264
HCDN134289,2012,LEY,C,,0666-D-2012,ninguna,0
HCDN134595,2012,LEY,D,domestico,0952-D-2012,html,4328
HCDN134817,2012,LEY,C,,1185-D-2012,ninguna,0
HCDN134839,2012,DECLARACION,C,,1167-D-2012,html,5379
HCDN135176,2012,DECLARACION,B,,1547-D-2012,html,5267
HCDN135183,2012,DECLARACION,B,,1550-D-2012,html,4804
HCDN135189,2012,LEY,B,,1706-D-2012,html,17888
HCDN135592,2012,RESOLUCION,D,domestico,2027-D-2012,html,4625
HCDN135631,2012,DECLARACION,C,,2103-D-2012,html,6311
HCDN135711,2012,DECLARACION,C,,2166-D-2012,html,2536
HCDN136026,2012,RESOLUCION,B,,2489-D-2012,html,6410
HCDN136138,2012,RESOLUCION,B,,2632-D-2012,html,5028
HCDN136316,2012,RESOLUCION,D,domestico,2868-D-2012,html,4522
HCDN136801,2012,DECLARACION,C,,3189-D-2012,html,3155
HCDN137460,2012,RESOLUCION,B,,3437-D-2012,html,4098
HCDN137499,2012,LEY,C,,3491-D-2012,html,17474
HCDN137669,2012,RESOLUCION,C,,3579-D-2012,html,3108
HCDN138359,2012,DECLARACION,B,,4106-D-2012,html,4473
HCDN138521,2012,RESOLUCION,B,,4216-D-2012,html,4196
HCDN139004,2012,DECLARACION,C,,4527-D-2012,html,4082
HCDN139176,2012,RESOLUCION,C,,4610-D-2012,html,2981
HCDN139210,2012,DECLARACION,C,,4654-D-2012,html,4374
HCDN139282,2012,DECLARACION,C,,4714-D-2012,html,2978
HCDN139293,2012,DECLARACION,C,,4747-D-2012,html,8617
HCDN139890,2012,DECLARACION,C,,5023-D-2012,html,5205
HCDN140110,2012,DECLARACION,C,,5247-D-2012,html,2858
HCDN140295,2012,RESOLUCION,C,,5328-D-2012,html,4897
HCDN140390,2012,DECLARACION,C,,5420-D-2012,html,3622
HCDN140555,2012,LEY,C,,5574-D-2012,html,5228
HCDN140894,2012,LEY,C,,5840-D-2012,html,8213
HCDN141097,2012,DECLARACION,C,,6033-D-2012,html,4800
HCDN141495,2012,DECLARACION,C,,6256-D-2012,html,9061
HCDN141739,2012,RESOLUCION,C,,6512-D-2012,html,4902
HCDN143411,2012,RESOLUCION,C,,0154-S-2012,ninguna,0
HCDN142348,2012,RESOLUCION,D,domestico,6948-D-2012,html,2896
HCDN142807,2012,RESOLUCION,D,domestico,7261-D-2012,html,6383
HCDN143360,2012,RESOLUCION,C,,7639-D-2012,html,4444
HCDN143380,2012,RESOLUCION,C,,7645-D-2012,html,6158
HCDN143507,2012,DECLARACION,D,domestico,7700-D-2012,html,3923
HCDN144139,2012,LEY,C,,8183-D-2012,html,6815
HCDN144954,2012,DECLARACION,C,,8538-D-2012,html,1982
HCDN144957,2012,DECLARACION,C,,8541-D-2012,html,3155
HCDN147972,2013,RESOLUCION,D,domestico,8710-D-2012,html,6226
HCDN148238,2013,LEY,D,domestico,0078-D-2013,html,23090
HCDN148312,2013,RESOLUCION,D,domestico,0066-D-2013,ninguna,0
HCDN148357,2013,RESOLUCION,D,domestico,0162-D-2013,html,10127
HCDN148610,2013,RESOLUCION,D,domestico,0354-D-2013,html,6346
HCDN149356,2013,LEY,D,domestico,1115-D-2013,html,4783
HCDN149359,2013,RESOLUCION,D,domestico,1043-D-2013,html,5901
HCDN149384,2013,RESOLUCION,D,domestico,1086-D-2013,html,2905
HCDN149401,2013,RESOLUCION,C,,1108-D-2013,html,4367
HCDN149952,2013,DECLARACION,C,,1522-D-2013,html,4269
HCDN149993,2013,RESOLUCION,D,domestico,1583-D-2013,html,4531
HCDN150121,2013,RESOLUCION,B,,1710-D-2013,html,8884
HCDN150294,2013,DECLARACION,B,,1867-D-2013,html,4693
HCDN150605,2013,DECLARACION,B,,2138-D-2013,html,3240
HCDN150727,2013,LEY,C,,2304-D-2013,ninguna,0
HCDN150915,2013,DECLARACION,C,,2512-D-2013,html,2882
HCDN151307,2013,RESOLUCION,C,,2689-D-2013,html,7341
HCDN151308,2013,RESOLUCION,C,,2690-D-2013,html,2385
HCDN151829,2013,DECLARACION,C,,3140-D-2013,html,4205
HCDN152152,2013,LEY,D,domestico,4051-D-2013,html,3629
HCDN152570,2013,LEY,D,domestico,4507-D-2013,html,4554
HCDN152587,2013,RESOLUCION,B,,4508-D-2013,html,4568
HCDN152746,2013,DECLARACION,B,,4686-D-2013,html,5316
HCDN153757,2013,RESOLUCION,C,,5144-D-2013,html,2887
HCDN155017,2013,RESOLUCION,B,,5671-D-2013,html,6939
HCDN155365,2013,MENSAJE Y PROYECTO DE LEY,C,,0072-S-2013,ninguna,0
HCDN156293,2013,DECLARACION,D,domestico,6505-D-2013,html,5929
HCDN157013,2013,DECLARACION,B,,6919-D-2013,html,4293
HCDN157136,2013,DECLARACION,C,,7049-D-2013,html,6364
HCDN157650,2013,LEY,C,,7316-D-2013,html,10706
HCDN157885,2013,LEY,D,domestico,7379-D-2013,html,4715
HCDN158351,2013,RESOLUCION,D,domestico,7596-D-2013,html,6908
HCDN158573,2013,RESOLUCION,C,,7761-D-2013,html,5336
HCDN158586,2013,DECLARACION,C,,7920-D-2013,html,3693
HCDN159021,2013,RESOLUCION,D,domestico,8076-D-2013,html,9115
HCDN159054,2013,DECLARACION,C,,8063-D-2013,html,3263
HCDN160298,2014,MENSAJE Y PROYECTO DE LEY,C,,0120-S-2014,ninguna,0
HCDN159294,2014,RESOLUCION,C,,8188-D-2013,html,5369
HCDN159299,2014,RESOLUCION,C,,8193-D-2013,html,7761
HCDN159392,2014,RESOLUCION,B,,8211-D-2013,html,3392
HCDN159526,2014,LEY,C,,0134-D-2014,html,26633
HCDN160087,2014,RESOLUCION,D,domestico,0601-D-2014,html,3487
HCDN160166,2014,RESOLUCION,C,,0718-D-2014,html,5453
HCDN160240,2014,RESOLUCION,C,,0776-D-2014,html,7906
HCDN160759,2014,RESOLUCION,D,domestico,1443-D-2014,html,7241
HCDN160844,2014,DECLARACION,C,,1526-D-2014,html,4252
HCDN161629,2014,RESOLUCION,D,domestico,2322-D-2014,html,10228
HCDN161749,2014,RESOLUCION,C,,2457-D-2014,html,5169
HCDN161980,2014,LEY,C,,2524-D-2014,ninguna,0
HCDN162118,2014,RESOLUCION,B,,2652-D-2014,html,7862
HCDN162258,2014,LEY,C,,2793-D-2014,html,20615
HCDN162712,2014,LEY,B,,3187-D-2014,html,6223
HCDN163333,2014,LEY,C,,3663-D-2014,html,17810
HCDN163550,2014,LEY,C,,3847-D-2014,html,6921
HCDN164071,2014,DECLARACION,B,,4204-D-2014,html,5069
HCDN164080,2014,RESOLUCION,D,domestico,4243-D-2014,html,6432
HCDN164240,2014,LEY,C,,4412-D-2014,html,24351
HCDN164767,2014,RESOLUCION,C,,4934-D-2014,html,3861
HCDN165018,2014,RESOLUCION,C,,5267-D-2014,html,5160
HCDN165065,2014,RESOLUCION,B,,5303-D-2014,html,4650
HCDN166003,2014,RESOLUCION,D,domestico,5988-D-2014,html,9522
HCDN166249,2014,RESOLUCION,D,externo,6158-D-2014,html,5454
HCDN166311,2014,DECLARACION,B,,6240-D-2014,html,3108
HCDN166416,2014,LEY,D,domestico,6391-D-2014,html,7121
HCDN166480,2014,DECLARACION,C,,6484-D-2014,html,5632
HCDN166760,2014,RESOLUCION,C,,6719-D-2014,html,6661
HCDN167603,2014,RESOLUCION,D,domestico,7491-D-2014,html,5876
HCDN168344,2014,RESOLUCION,C,,7939-D-2014,html,2873
HCDN168486,2014,RESOLUCION,D,domestico,8007-D-2014,html,4547
HCDN168549,2014,RESOLUCION,C,,8063-D-2014,html,5366
HCDN168657,2014,RESOLUCION,D,domestico,8153-D-2014,html,5487
HCDN169296,2014,RESOLUCION,C,,8713-D-2014,html,5401
HCDN169904,2014,RESOLUCION,C,,9161-D-2014,html,4616
HCDN169915,2014,LEY,C,,9193-D-2014,html,7429
HCDN170283,2014,LEY,C,,9469-D-2014,html,6933
HCDN170508,2014,DECLARACION,C,,9520-D-2014,html,3391
HCDN171326,2014,RESOLUCION,C,,9804-D-2014,html,3131
HCDN171849,2015,LEY,D,domestico,9901-D-2014,html,4553
HCDN172022,2015,RESOLUCION,C,,10011-D-2014,html,4834
HCDN172143,2015,LEY,D,domestico,0032-D-2015,html,23099
HCDN172348,2015,LEY,C,,0274-D-2015,ninguna,0
HCDN172369,2015,RESOLUCION,C,,0183-D-2015,html,4833
HCDN172520,2015,LEY,D,domestico,0385-D-2015,html,4561
HCDN175477,2015,LEY,D,domestico,0148-S-2015,ninguna,0
HCDN173199,2015,LEY,D,domestico,0897-D-2015,html,42526
HCDN173710,2015,RESOLUCION,C,,1345-D-2015,html,3491
HCDN175082,2015,LEY,D,domestico,2422-D-2015,html,3629
HCDN176339,2015,MENSAJE Y PROYECTO DE LEY,C,,0076-S-2015,ninguna,0
HCDN175251,2015,LEY,B,,2668-D-2015,html,4875
HCDN175574,2015,RESOLUCION,D,domestico,2907-D-2015,html,10268
HCDN175789,2015,RESOLUCION,C,,3056-D-2015,html,5234
HCDN176073,2015,RESOLUCION,C,,3225-D-2015,html,8098
HCDN177579,2015,RESOLUCION,B,,3829-D-2015,html,5430
HCDN177999,2015,RESOLUCION,C,,4005-D-2015,html,6261
HCDN178222,2015,RESOLUCION,C,,4109-D-2015,html,17168
HCDN178339,2015,LEY,C,,4179-D-2015,html,5418
HCDN179182,2015,DECLARACION,C,,4502-D-2015,html,6896
HCDN179607,2015,RESOLUCION,A,,4813-D-2015,html,3544
HCDN179703,2015,RESOLUCION,D,domestico,4871-D-2015,html,4354
HCDN179965,2015,LEY,D,externo,5081-D-2015,html,11312
HCDN180256,2015,RESOLUCION,B,,5312-D-2015,html,7636
HCDN180326,2015,RESOLUCION,C,,5344-D-2015,html,4198
HCDN180951,2015,RESOLUCION,D,domestico,5690-D-2015,html,7387
HCDN181293,2015,LEY,C,,5951-D-2015,html,3626
HCDN182619,2016,RESOLUCION,C,,6590-D-2015,html,10584
HCDN182630,2016,DECLARACION,C,,6589-D-2015,html,11016
HCDN182684,2016,LEY,D,domestico,0077-D-2016,ninguna,0
HCDN184192,2016,LEY,D,domestico,1311-D-2016,html,14745
HCDN185957,2016,LEY,C,,0102-S-2016,pdf,1
HCDN185787,2016,RESOLUCION,A,,2562-D-2016,html,9045
HCDN185973,2016,LEY,C,,2752-D-2016,html,36636
HCDN187373,2016,RESOLUCION,D,domestico,3927-D-2016,html,7125
HCDN188099,2016,DECLARACION,A,,4439-D-2016,html,6875
HCDN188341,2016,DECLARACION,C,,4532-D-2016,html,4258
HCDN189288,2016,DECLARACION,D,domestico,5001-D-2016,html,13185
HCDN189318,2016,DECLARACION,C,,5079-D-2016,html,1645
HCDN189657,2016,RESOLUCION,D,domestico,5453-D-2016,html,3809
HCDN190036,2016,LEY,C,,5689-D-2016,html,12344
HCDN191324,2016,LEY,D,domestico,6864-D-2016,html,13885
HCDN193174,2016,MENSAJE Y PROYECTO DE LEY,C,,0300-S-2016,pdf,1
HCDN191846,2016,RESOLUCION,C,,7354-D-2016,html,5351
HCDN191903,2016,DECLARACION,C,,7371-D-2016,html,8412
HCDN191957,2016,LEY,D,domestico,7413-D-2016,html,7785
HCDN192256,2016,LEY,C,,7636-D-2016,html,4542
HCDN193748,2016,MENSAJE Y PROYECTO DE LEY,C,,0063-S-2017,pdf,852
HCDN194197,2016,RESOLUCION,D,domestico,8802-D-2016,html,5235
HCDN194585,2017,DECLARACION,C,,8872-D-2016,html,3781
HCDN194819,2017,MENSAJE Y PROYECTO DE LEY,C,,0012-S-2017,pdf,2644771
HCDN194743,2017,RESOLUCION,C,,8947-D-2016,html,3515
HCDN194752,2017,DECLARACION,C,,8956-D-2016,html,4830
HCDN194965,2017,RESOLUCION,D,domestico,0101-D-2017,html,7501
HCDN196026,2017,RESOLUCION,D,domestico,1010-D-2017,html,5931
HCDN196368,2017,LEY,C,,1349-D-2017,html,7462
HCDN196975,2017,RESOLUCION,C,,1646-D-2017,ninguna,0
HCDN200747,2017,DECLARACION,C,,3291-D-2017,html,6975
HCDN202544,2017,LEY,D,externo,3900-D-2017,html,4492
HCDN204356,2017,RESOLUCION,C,,4308-D-2017,html,6538
HCDN204519,2017,RESOLUCION,D,domestico,4356-D-2017,html,7109
HCDN205425,2017,LEY,D,domestico,5019-D-2017,html,2782
HCDN205429,2017,RESOLUCION,D,domestico,5020-D-2017,html,2843
HCDN205599,2017,RESOLUCION,D,externo,5168-D-2017,html,5511
HCDN211605,2018,RESOLUCION,A,,6881-D-2017,html,7164
HCDN211972,2018,LEY,D,domestico,0354-D-2018,html,14800
HCDN211995,2018,LEY,D,domestico,0295-D-2018,ninguna,0
HCDN212222,2018,LEY,C,,0541-D-2018,html,36977
HCDN213062,2018,LEY,D,domestico,1344-D-2018,html,35748
HCDN213317,2018,LEY,D,domestico,1619-D-2018,html,13985
HCDN214784,2018,DECLARACION,A,,2626-D-2018,html,5400
HCDN217938,2018,MENSAJE Y PROYECTO DE LEY,C,,0093-S-2018,pdf,530967
HCDN219257,2018,RESOLUCION,D,domestico,4285-D-2018,html,9932
HCDN219343,2018,LEY,C,,4367-D-2018,html,3445
HCDN220013,2018,RESOLUCION,C,,4667-D-2018,html,7585
HCDN220111,2018,RESOLUCION,D,domestico,4729-D-2018,html,6536
HCDN220959,2018,RESOLUCION,D,domestico,5150-D-2018,html,7102
HCDN221977,2018,MENSAJE Y PROYECTO DE LEY,C,,0120-S-2018,pdf,45248
HCDN221790,2018,LEY,D,externo,5698-D-2018,html,17356
HCDN225245,2018,DECLARACION,C,,7323-D-2018,html,2806
HCDN225488,2018,RESOLUCION,C,,7447-D-2018,html,5276
HCDN225849,2018,LEY,D,domestico,7581-D-2018,html,11679
HCDN227787,2019,RESOLUCION,D,domestico,7771-D-2018,html,5522
HCDN228132,2019,LEY,D,externo,0320-D-2019,html,13150
HCDN228169,2019,RESOLUCION,D,domestico,0273-D-2019,html,5523
HCDN229905,2019,LEY,D,externo,0910-D-2019,reproduccion,4492
HCDN230464,2019,LEY,C,,1246-D-2019,html,20598
HCDN231767,2019,RESOLUCION,C,,1956-D-2019,html,14188
HCDN231932,2019,DECLARACION,C,,2095-D-2019,html,3634
HCDN232507,2019,RESOLUCION,B,,2473-D-2019,html,4246
HCDN232897,2019,RESOLUCION,C,,2744-D-2019,html,3420
HCDN233773,2019,DECLARACION,A,,3276-D-2019,html,4687
HCDN233831,2019,RESOLUCION,A,,3331-D-2019,html,14098
HCDN233839,2019,DECLARACION,A,,3329-D-2019,html,3397
HCDN233850,2019,RESOLUCION,A,,3344-D-2019,html,4877
HCDN234113,2019,RESOLUCION,A,,3463-D-2019,ninguna,0
HCDN234288,2019,RESOLUCION,A,,3597-D-2019,html,2731
HCDN234291,2019,RESOLUCION,A,,3596-D-2019,html,2715
HCDN234337,2019,LEY,A,,3683-D-2019,html,10415
HCDN234816,2019,RESOLUCION,D,domestico,3918-D-2019,html,7490
HCDN235390,2019,RESOLUCION,D,domestico,4284-D-2019,html,3666
HCDN236723,2019,RESOLUCION,C,,5093-D-2019,html,6423
HCDN236740,2019,LEY,C,,5128-D-2019,html,64092
HCDN238252,2020,RESOLUCION,D,domestico,0376-D-2020,html,4672
HCDN239876,2020,RESOLUCION,C,,1600-D-2020,pdf,6703
HCDN239932,2020,DECLARACION,C,,1678-D-2020,pdf,4174
HCDN239939,2020,RESOLUCION,C,,1658-D-2020,pdf,6291
HCDN240035,2020,RESOLUCION,C,,1758-D-2020,pdf,6703
HCDN240232,2020,DECLARACION,C,,1865-D-2020,pdf,3983
HCDN240236,2020,RESOLUCION,C,,1872-D-2020,pdf,10946
HCDN240694,2020,LEY,D,externo,2160-D-2020,pdf,21659
HCDN240718,2020,RESOLUCION,C,,2178-D-2020,pdf,6100
HCDN240808,2020,DECLARACION,C,,2244-D-2020,pdf,4963
HCDN240951,2020,DECLARACION,C,,2318-D-2020,pdf,4081
HCDN240998,2020,LEY,D,domestico,2357-D-2020,pdf,6317
HCDN241784,2020,RESOLUCION,D,domestico,2920-D-2020,pdf,8743
HCDN241903,2020,RESOLUCION,D,domestico,3036-D-2020,pdf,10415
HCDN241999,2020,DECLARACION,C,,3113-D-2020,pdf,3086
HCDN242884,2020,RESOLUCION,D,domestico,3717-D-2020,pdf,5575
HCDN243046,2020,DECLARACION,C,,3850-D-2020,pdf,3170
HCDN243060,2020,MENSAJE Y PROYECTO DE LEY,C,,0005-PE-2020,pdf,14268
HCDN243113,2020,LEY,C,,3916-D-2020,pdf,10365
HCDN243542,2020,RESOLUCION,C,,4195-D-2020,pdf,4025
HCDN244122,2020,RESOLUCION,D,domestico,4546-D-2020,pdf,5883
HCDN244575,2020,LEY,D,domestico,4922-D-2020,pdf,14065
HCDN245559,2020,DECLARACION,C,,5539-D-2020,pdf,3434
HCDN245700,2020,DECLARACION,D,domestico,5619-D-2020,pdf,7189
HCDN246224,2020,RESOLUCION,D,domestico,6045-D-2020,pdf,7236
HCDN246299,2020,MENSAJE Y PROYECTO DE LEY,C,,0005-S-2021,pdf,25609
HCDN246498,2020,RESOLUCION,C,,6275-D-2020,pdf,10061
HCDN246939,2020,DECLARACION,C,,6642-D-2020,pdf,3825
HCDN247042,2020,LEY,D,domestico,6724-D-2020,pdf,19750
HCDN247175,2021,RESOLUCION,C,,6818-D-2020,pdf,4892
HCDN247751,2021,DECLARACION,C,,0075-D-2021,pdf,3471
HCDN247897,2021,DECLARACION,C,,0246-D-2021,pdf,6353
HCDN247925,2021,RESOLUCION,C,,0294-D-2021,pdf,4892
HCDN247984,2021,RESOLUCION,C,,0349-D-2021,pdf,8175
HCDN248067,2021,LEY,C,,0386-D-2021,pdf,6730
HCDN248421,2021,LEY,D,domestico,0590-D-2021,pdf,16781
HCDN248559,2021,RESOLUCION,D,domestico,0702-D-2021,pdf,5236
HCDN248541,2021,RESOLUCION,C,,0640-D-2021,pdf,7521
HCDN248717,2021,LEY,D,domestico,0797-D-2021,pdf,7473
HCDN249099,2021,DECLARACION,C,,0947-D-2021,pdf,3516
HCDN249106,2021,DECLARACION,C,,0971-D-2021,pdf,4198
HCDN249311,2021,RESOLUCION,C,,1179-D-2021,pdf,4587
HCDN250115,2021,LEY,D,externo,1797-D-2021,pdf,20682
HCDN250322,2021,RESOLUCION,D,domestico,1938-D-2021,pdf,9033
HCDN250338,2021,RESOLUCION,C,,1940-D-2021,pdf,3409
HCDN254666,2021,MENSAJE Y PROYECTO DE LEY,C,,0015-S-2022,pdf,1
HCDN254965,2021,MENSAJE Y PROYECTO DE LEY,C,,0018-S-2024,pdf,27947
HCDN255053,2021,RESOLUCION,D,domestico,4996-D-2021,pdf,8669
HCDN255610,2022,RESOLUCION,D,domestico,0045-D-2022,pdf,8774
HCDN255994,2022,LEY,C,,0338-D-2022,pdf,10184
HCDN256171,2022,RESOLUCION,C,,0473-D-2022,pdf,10013
HCDN256173,2022,RESOLUCION,C,,0484-D-2022,pdf,3479
HCDN256896,2022,DECLARACION,C,,1228-D-2022,pdf,3467
HCDN257849,2022,LEY,D,externo,1708-D-2022,pdf,16805
HCDN258681,2022,MENSAJE Y PROYECTO DE LEY,C,,0013-S-2024,pdf,42547
HCDN259263,2022,MENSAJE Y PROYECTO DE LEY,C,,0015-S-2024,pdf,122392
HCDN259901,2022,DECLARACION,C,,3281-D-2022,pdf,4039
HCDN261866,2022,LEY,D,domestico,4000-D-2022,pdf,7044
HCDN262768,2022,DECLARACION,D,domestico,4714-D-2022,pdf,8241
HCDN265161,2022,LEY,C,,6687-D-2022,pdf,21288
HCDN265449,2022,LEY,D,domestico,6878-D-2022,pdf,5080
HCDN265992,2023,LEY,C,,0145-D-2023,pdf,13129
HCDN266678,2023,RESOLUCION,D,domestico,0892-D-2023,pdf,9837
HCDN268434,2023,MENSAJE Y PROYECTO DE LEY,C,,0003-PE-2023,pdf,57021
HCDN269241,2023,MENSAJE Y PROYECTO DE LEY,C,,0010-PE-2023,pdf,11096
HCDN271050,2023,RESOLUCION,D,domestico,3968-D-2023,pdf,10989
HCDN272773,2024,LEY,D,externo,0013-D-2024,pdf,19103
HCDN272886,2024,LEY,D,externo,0144-D-2024,pdf,21060
HCDN273811,2024,RESOLUCION,D,externo,0942-D-2024,pdf,5558
HCDN274720,2024,LEY,D,domestico,1766-D-2024,pdf,9626
HCDN275190,2024,RESOLUCION,D,domestico,2132-D-2024,pdf,5647
HCDN275603,2024,LEY,C,,2754-D-2024,pdf,21278
HCDN275895,2024,LEY,C,,2941-D-2024,pdf,22033
HCDN276142,2024,RESOLUCION,D,domestico,3195-D-2024,pdf,6322
HCDN276520,2024,RESOLUCION,C,,3673-D-2024,pdf,6957
HCDN276651,2024,LEY,C,,3730-D-2024,pdf,5064
HCDN276664,2024,DECLARACION,C,,3725-D-2024,pdf,3193
HCDN276698,2024,LEY,D,domestico,3756-D-2024,pdf,15836
HCDN277611,2024,RESOLUCION,D,domestico,4642-D-2024,pdf,4119
HCDN278325,2024,RESOLUCION,D,eudr,5399-D-2024,pdf,2515
HCDN278458,2024,RESOLUCION,D,domestico,5501-D-2024,pdf,6932
HCDN278505,2024,RESOLUCION,A,,5554-D-2024,pdf,9728
HCDN278510,2024,RESOLUCION,C,,5562-D-2024,pdf,3276
HCDN278513,2024,RESOLUCION,C,,5561-D-2024,pdf,2849
HCDN278840,2024,RESOLUCION,D,domestico,5862-D-2024,pdf,5717
HCDN278878,2024,RESOLUCION,D,domestico,5980-D-2024,pdf,4903
HCDN278891,2024,RESOLUCION,D,domestico,6051-D-2024,pdf,2676
HCDN279089,2024,RESOLUCION,D,domestico,6240-D-2024,pdf,5136
HCDN279503,2024,LEY,D,domestico,6736-D-2024,pdf,8540
HCDN279961,2024,RESOLUCION,C,,7195-D-2024,pdf,7227
HCDN280298,2024,RESOLUCION,A,,7308-D-2024,pdf,4160
HCDN280323,2024,RESOLUCION,C,,7324-D-2024,pdf,4372
HCDN280442,2024,RESOLUCION,A,,7423-D-2024,pdf,3332
HCDN280654,2025,DECLARACION,C,,7585-D-2024,pdf,10839
HCDN282180,2025,DECLARACION,D,domestico,0102-D-2025,pdf,7456
HCDN282328,2025,RESOLUCION,C,,0231-D-2025,pdf,2601
HCDN283344,2025,RESOLUCION,D,eudr,1113-D-2025,pdf,5730
HCDN283348,2025,RESOLUCION,D,externo,1114-D-2025,pdf,5405
HCDN283543,2025,RESOLUCION,A,,1297-D-2025,pdf,5335
HCDN283621,2025,RESOLUCION,A,,1339-D-2025,pdf,5567
HCDN284239,2025,LEY,D,domestico,1970-D-2025,pdf,10748
HCDN285678,2025,DECLARACION,C,,3262-D-2025,pdf,2768
HCDN285950,2025,DECLARACION,C,,3518-D-2025,pdf,3640
HCDN287093,2025,RESOLUCION,C,,4725-D-2025,pdf,4130
HCDN287183,2025,RESOLUCION,A,,4844-D-2025,pdf,3121
HCDN287405,2025,RESOLUCION,C,,5048-D-2025,pdf,4410
HCDN287914,2025,RESOLUCION,C,,5606-D-2025,pdf,5523
HCDN288546,2025,LEY,C,,6563-D-2025,ninguna,0
HCDN288857,2025,LEY,C,,6815-D-2025,ninguna,0
HCDN180275,2015,RESOLUCION,D,externo,0214-S-2016,ninguna,0
HCDN164307,2014,RESOLUCION,B,,4471-D-2014,html,6529
HCDN115461,2010,DECLARACION,C,,2900-D-2010,html,3823
HCDN129732,2011,RESOLUCION,B,,3834-D-2011,html,5985
HCDN119747,2010,DECLARACION,C,,6698-D-2010,html,2640
HCDN159802,2014,RESOLUCION,A,,0268-D-2014,html,3203
HCDN135856,2012,LEY,B,,2318-D-2012,html,22114
HCDN191159,2016,RESOLUCION,B,,6667-D-2016,html,3500
HCDN137942,2012,RESOLUCION,B,,3761-D-2012,html,3436
HCDN113854,2010,RESOLUCION,B,,1433-D-2010,html,6165
HCDN249071,2021,LEY,A,,0945-D-2021,pdf,9550
HCDN138999,2012,DECLARACION,B,,4511-D-2012,html,2767
HCDN248945,2021,DECLARACION,C,,0874-D-2021,pdf,3554
HCDN240730,2020,DECLARACION,C,,2189-D-2020,pdf,19285
HCDN096506,2008,DECLARACION,C,,3360-D-2008,html,3067
HCDN256577,2022,LEY,C,,0928-D-2022,pdf,2994
HCDN183148,2016,RESOLUCION,C,,0435-D-2016,html,11492
HCDN095433,2008,RESOLUCION,C,,2582-D-2008,html,9065
HCDN240504,2020,RESOLUCION,C,,1976-D-2020,pdf,11403
HCDN279302,2024,DECLARACION,D,ue_otro,6485-D-2024,pdf,3370
HCDN116235,2010,LEY,C,,3138-D-2010,html,11608
HCDN165073,2014,DECLARACION,B,,5283-D-2014,html,2804
HCDN128198,2011,RESOLUCION,B,,3028-D-2011,html,6638
HCDN184957,2016,RESOLUCION,C,,1970-D-2016,html,9117
HCDN103073,2009,RESOLUCION,C,,0103-D-2009,html,6021
HCDN141219,2012,MENSAJE Y PROYECTO DE LEY,C,,0097-S-2012,ninguna,0
HCDN163318,2014,LEY,C,,3623-D-2014,html,4184
HCDN272142,2023,DECLARACION,A,,4837-D-2023,pdf,7503
HCDN118043,2010,LEY,C,,4948-D-2010,html,6938
HCDN240130,2020,RESOLUCION,C,,1812-D-2020,pdf,5735
HCDN100321,2008,RESOLUCION,C,,5907-D-2008,html,4251
HCDN135883,2012,RESOLUCION,C,,2332-D-2012,html,4737
HCDN279193,2024,DECLARACION,D,domestico,6352-D-2024,pdf,4086
HCDN160768,2014,RESOLUCION,C,,1457-D-2014,html,3109
HCDN239935,2020,RESOLUCION,C,,1659-D-2020,pdf,8406
HCDN118755,2010,RESOLUCION,C,,5661-D-2010,html,2811
HCDN230709,2019,LEY,C,,1355-D-2019,ninguna,0
HCDN120895,2010,LEY,C,,7979-D-2010,html,9325
HCDN278623,2024,RESOLUCION,D,eudr,5727-D-2024,pdf,5288
HCDN178970,2015,RESOLUCION,C,,4405-D-2015,html,4401
HCDN139913,2012,DECLARACION,C,,5050-D-2012,html,5102
HCDN164745,2014,LEY,C,,4965-D-2014,html,14302
HCDN110216,2009,DECLARACION,C,,5458-D-2009,html,3657
HCDN109227,2009,RESOLUCION,C,,4794-D-2009,html,7729
HCDN135802,2012,RESOLUCION,B,,2238-D-2012,html,5533
HCDN163289,2014,RESOLUCION,B,,3646-D-2014,html,4628
HCDN113433,2010,MENSAJE,C,,0004-JGM-2010,ninguna,0
HCDN172021,2015,RESOLUCION,C,,10006-D-2014,html,5362
HCDN256120,2022,RESOLUCION,C,,0425-D-2022,pdf,11305
HCDN170519,2014,RESOLUCION,C,,9519-D-2014,html,2839
HCDN198423,2017,LEY,D,externo,2523-D-2017,html,13125
HCDN180647,2015,LEY,C,,5521-D-2015,html,7462
HCDN258590,2022,MENSAJE Y PROYECTO DE LEY,C,,0012-S-2024,pdf,23761
HCDN138017,2012,RESOLUCION,B,,3850-D-2012,html,2448
HCDN212433,2018,RESOLUCION,C,,0609-D-2018,ninguna,0
HCDN252245,2021,DECLARACION,C,,3082-D-2021,pdf,2756
HCDN165669,2014,RESOLUCION,C,,5726-D-2014,html,6787
HCDN197648,2017,DECLARACION,A,,2043-D-2017,html,7937
HCDN234074,2019,RESOLUCION,C,,3443-D-2019,html,5886
HCDN162482,2014,LEY,C,,3002-D-2014,html,8672
HCDN189424,2016,DECLARACION,C,,5134-D-2016,html,2773
HCDN164273,2014,RESOLUCION,B,,4465-D-2014,html,4808
HCDN138970,2012,RESOLUCION,C,,4497-D-2012,html,4281
HCDN249585,2021,DECLARACION,C,,1429-D-2021,pdf,3858
HCDN138968,2012,RESOLUCION,C,,4477-D-2012,html,2395
HCDN126681,2011,MENSAJE Y PROYECTO DE LEY,C,,0097-S-2011,ninguna,0
HCDN247756,2021,DECLARACION,C,,0074-D-2021,pdf,2282
HCDN138496,2012,RESOLUCION,B,,4156-D-2012,html,9375
HCDN098025,2008,LEY,C,,4474-D-2008,html,13084
HCDN274683,2024,LEY,C,,1715-D-2024,pdf,6719
HCDN280432,2024,RESOLUCION,C,,7401-D-2024,pdf,3778
HCDN172368,2015,RESOLUCION,C,,0184-D-2015,html,5361
HCDN096121,2008,DECLARACION,C,,3036-D-2008,html,2578
HCDN166202,2014,RESOLUCION,C,,6138-D-2014,html,9543
HCDN159857,2014,DECLARACION,C,,0353-D-2014,html,7062
HCDN245513,2020,RESOLUCION,C,,5510-D-2020,pdf,11257
HCDN255775,2022,LEY,D,externo,0076-D-2022,pdf,22406
HCDN118763,2010,RESOLUCION,C,,5685-D-2010,ninguna,0
HCDN163481,2014,RESOLUCION,C,,3743-D-2014,html,13069
HCDN188079,2016,RESOLUCION,C,,4409-D-2016,html,6258
HCDN158374,2013,RESOLUCION,B,,7644-D-2013,html,5719
HCDN245430,2020,DECLARACION,C,,5486-D-2020,pdf,3119
HCDN113530,2010,RESOLUCION,C,,1065-D-2010,html,3039
HCDN153172,2013,DECLARACION,C,,4978-D-2013,html,3663
HCDN127925,2011,LEY,C,,2748-D-2011,html,6117
HCDN240918,2020,LEY,D,domestico,2307-D-2020,pdf,33511
HCDN110209,2009,RESOLUCION,C,,5457-D-2009,html,3635
HCDN228260,2019,LEY,C,,0348-D-2019,html,33624
HCDN234969,2019,RESOLUCION,C,,4022-D-2019,html,7207
HCDN143137,2012,MENSAJE Y PROYECTO DE LEY,C,,0197-S-2012,ninguna,0
HCDN173050,2015,RESOLUCION,B,,0748-D-2015,html,9124
HCDN284689,2025,RESOLUCION,C,,2399-D-2025,pdf,7635
HCDN119301,2010,DECLARACION,C,,6259-D-2010,html,4505
HCDN148611,2013,RESOLUCION,B,,0353-D-2013,html,6346
HCDN159844,2014,DECLARACION,C,,0277-D-2014,html,2595
HCDN269876,2023,RESOLUCION,C,,3007-D-2023,pdf,8958
HCDN117533,2010,RESOLUCION,B,,4577-D-2010,html,7773
HCDN158614,2013,LEY,C,,7928-D-2013,html,34654
HCDN247464,2021,DECLARACION,C,,7027-D-2020,pdf,6353
HCDN282068,2025,LEY,C,,0022-D-2025,pdf,10556
HCDN108046,2009,LEY,C,,3794-D-2009,html,13464
HCDN276407,2024,RESOLUCION,C,,3469-D-2024,pdf,6122
HCDN274013,2024,RESOLUCION,C,,1022-D-2024,pdf,4376
HCDN120125,2010,DECLARACION,C,,7096-D-2010,html,6770
HCDN276011,2024,LEY,D,externo,3064-D-2024,pdf,22335
HCDN189972,2016,LEY,C,,5619-D-2016,html,6601
HCDN129020,2011,MENSAJE Y PROYECTO DE LEY,C,,0105-S-2011,ninguna,0
HCDN261828,2022,LEY,C,,3973-D-2022,pdf,22432
HCDN159685,2014,RESOLUCION,B,,0230-D-2014,html,7499
HCDN193888,2016,DECLARACION,C,,8593-D-2016,html,8774
HCDN182867,2016,RESOLUCION,B,,0219-D-2016,html,3459
HCDN194286,2016,MENSAJE Y PROYECTO DE LEY,C,,0041-S-2017,pdf,9550
HCDN159226,2014,DECLARACION,C,,8162-D-2013,html,7062
HCDN117910,2010,RESOLUCION,C,,4890-D-2010,html,3146
HCDN257123,2022,RESOLUCION,C,,1315-D-2022,pdf,5285
HCDN137940,2012,RESOLUCION,B,,3759-D-2012,html,6170
HCDN183165,2016,DECLARACION,C,,0437-D-2016,html,11951
HCDN132762,2011,LEY,C,,6091-D-2011,html,26529
HCDN160209,2014,LEY,C,,0740-D-2014,ninguna,0
HCDN136286,2012,RESOLUCION,C,,2822-D-2012,html,7188
HCDN140017,2012,DECLARACION,C,,5169-D-2012,html,4074
HCDN096880,2008,RESOLUCION,B,,3596-D-2008,html,4118
HCDN246260,2020,DECLARACION,A,,6092-D-2020,pdf,2323
HCDN106750,2009,RESOLUCION,C,,2941-D-2009,html,4391
HCDN121112,2010,LEY,C,,8196-D-2010,html,11991
HCDN098070,2008,DECLARACION,C,,4503-D-2008,html,5249
HCDN185932,2016,RESOLUCION,C,,2720-D-2016,html,7022
HCDN194015,2016,DECLARACION,C,,8687-D-2016,html,16069
HCDN230484,2019,DECLARACION,C,,1253-D-2019,html,4813
HCDN179505,2015,RESOLUCION,A,,4734-D-2015,html,5424
HCDN113414,2010,RESOLUCION,B,,1004-D-2010,html,4523
HCDN153101,2013,DECLARACION,B,,4905-D-2013,html,3392
HCDN234111,2019,RESOLUCION,A,,3464-D-2019,ninguna,0
HCDN267575,2023,LEY,C,,1508-D-2023,pdf,10230
HCDN259872,2022,LEY,C,,3250-D-2022,pdf,6318
HCDN239936,2020,RESOLUCION,C,,1661-D-2020,pdf,9509
HCDN176604,2015,DECLARACION,C,,3485-D-2015,html,6073
HCDN132802,2011,MENSAJE Y PROYECTO DE LEY,C,,0015-S-2012,ninguna,0
HCDN127977,2011,RESOLUCION,B,,2794-D-2011,html,7051
HCDN117390,2010,MENSAJE,C,,0025-JGM-2010,ninguna,0
HCDN134268,2012,RESOLUCION,C,,5882-D-2011,ninguna,0
HCDN144945,2012,RESOLUCION,C,,8571-D-2012,html,7962
HCDN279051,2024,RESOLUCION,D,externo,6175-D-2024,pdf,6357
HCDN147990,2013,DECLARACION,B,,8697-D-2012,html,2657
HCDN197176,2017,LEY,C,,1510-D-2017,html,19451
HCDN263132,2022,RESOLUCION,C,,4950-D-2022,pdf,5640
HCDN117460,2010,MENSAJE,C,,0028-JGM-2010,ninguna,0
HCDN159429,2014,RESOLUCION,A,,8270-D-2013,html,3203
HCDN120492,2010,RESOLUCION,C,,7555-D-2010,html,3885
HCDN105698,2009,DECLARACION,C,,2348-D-2009,html,5267
HCDN202533,2017,LEY,C,,3882-D-2017,html,31784
HCDN282710,2025,RESOLUCION,C,,0580-D-2025,pdf,3985
HCDN109680,2009,RESOLUCION,C,,5210-D-2009,html,5029
HCDN120077,2010,MENSAJE,C,,0046-JGM-2010,ninguna,0
